image_name,outcome,center_x,center_y,normalized_width,normalized_height,normalized_area,area_percentage,original_width_px,original_height_px,original_area_px,input_width_px,input_height_px,input_area_px,coco_size,size_bin
frame_000544.jpg,TP,0.58485,0.423313,0.00683919,0.01411816,9.65568e-05,0.009656,16.004,15.248,244.018,8.754,8.341,73.015,small,Q1_smallest
frame_000287.jpg,FN,0.61099,0.323876,0.00691139,0.01482205,0.0001024409,0.010244,16.173,16.008,258.889,8.847,8.756,77.464,small,Q1_smallest
frame_000291.jpg,FN,0.609781,0.32533,0.00888742,0.01184138,0.0001052394,0.010524,20.797,12.789,265.961,11.376,6.996,79.58,small,Q1_smallest
frame_000432.jpg,FN,0.608609,0.372933,0.0056934,0.01874076,0.0001066986,0.01067,13.323,20.24,269.649,7.288,11.071,80.684,small,Q1_smallest
frame_000299.jpg,FN,0.609653,0.325705,0.00868311,0.01239472,0.0001076248,0.010762,20.318,13.386,271.989,11.114,7.322,81.384,small,Q1_smallest
frame_000262.jpg,FN,0.609489,0.315493,0.00631499,0.01820978,0.0001149946,0.011499,14.777,19.667,290.614,8.083,10.758,86.957,small,Q1_smallest
frame_000295.jpg,FN,0.60992,0.32431,0.00888742,0.01361206,0.0001209761,0.012098,20.797,14.701,305.731,11.376,8.042,91.48,small,Q1_smallest
frame_000536.jpg,FN,0.58861,0.381221,0.00820433,0.0157225,0.0001289926,0.012899,19.198,16.98,325.99,10.502,9.288,97.542,small,Q1_smallest
frame_000557.jpg,TP,0.581358,0.426515,0.00902477,0.01475348,0.0001331467,0.013315,21.118,15.934,336.488,11.552,8.716,100.683,small,Q1_smallest
frame_000449.jpg,FN,0.60628,0.377678,0.00678828,0.01992689,0.0001352693,0.013527,15.885,21.521,341.853,8.689,11.772,102.289,small,Q1_smallest
frame_000523.jpg,FN,0.593412,0.34882,0.00833975,0.01647372,0.0001373867,0.013739,19.515,17.792,347.204,10.675,9.732,103.89,small,Q1_smallest
frame_000258.jpg,FN,0.611021,0.307943,0.00788432,0.01798974,0.0001418369,0.014184,18.449,19.429,358.45,10.092,10.628,107.255,small,Q1_smallest
frame_000170.jpg,FN,0.53071,0.338205,0.00705329,0.02118657,0.000149435,0.014943,16.505,22.882,377.652,9.028,12.516,113.0,small,Q1_smallest
frame_000249.jpg,TP,0.610168,0.289169,0.00837273,0.01829209,0.0001531547,0.015315,19.592,19.755,387.053,10.717,10.806,115.813,small,Q1_smallest
frame_000482.jpg,FN,0.607956,0.386271,0.00803304,0.01921584,0.0001543616,0.015436,18.797,20.753,390.103,10.282,11.352,116.726,small,Q1_smallest
frame_000528.jpg,FN,0.591606,0.355499,0.00714836,0.02188986,0.0001564766,0.015648,16.727,23.641,395.448,9.15,12.932,118.325,small,Q1_smallest
frame_000478.jpg,FN,0.608136,0.386165,0.00861693,0.0182165,0.0001569704,0.015697,20.164,19.674,396.696,11.03,10.762,118.699,small,Q1_smallest
frame_000474.jpg,FN,0.60787,0.385453,0.00848391,0.01850355,0.0001569825,0.015698,19.852,19.984,396.726,10.859,10.931,118.708,small,Q1_smallest
frame_000241.jpg,FN,0.606546,0.246628,0.00859473,0.01855321,0.0001594599,0.015946,20.112,20.037,402.987,11.001,10.961,120.581,small,Q1_smallest
frame_000253.jpg,FN,0.610232,0.29508,0.00897531,0.01793477,0.0001609702,0.016097,21.002,19.37,406.804,11.488,10.595,121.723,small,Q1_smallest
frame_000062.jpg,FN,0.470042,0.243953,0.010438,0.01546513,0.0001614251,0.016143,24.425,16.702,407.953,13.361,9.136,122.067,small,Q1_smallest
frame_000540.jpg,FN,0.5867,0.399082,0.00907906,0.01829569,0.0001661077,0.016611,21.245,19.759,419.787,11.621,10.809,125.608,small,Q1_smallest
frame_000150.jpg,FN,0.487696,0.347423,0.0101676,0.01633811,0.0001661194,0.016612,23.792,17.645,419.817,13.015,9.652,125.617,small,Q1_smallest
frame_000490.jpg,FN,0.605278,0.375126,0.00840444,0.01992752,0.0001674797,0.016748,19.666,21.522,423.255,10.758,11.773,126.646,small,Q1_smallest
frame_000519.jpg,FN,0.596065,0.348678,0.0097933,0.0171031,0.0001674959,0.01675,22.916,18.471,423.296,12.535,10.104,126.658,small,Q1_smallest
frame_000503.jpg,FN,0.601754,0.354677,0.00976819,0.01731633,0.0001691491,0.016915,22.858,18.702,427.474,12.503,10.23,127.908,small,Q1_smallest
frame_000245.jpg,FN,0.609394,0.283141,0.00848472,0.01993838,0.0001691715,0.016917,19.854,21.533,427.53,10.86,11.779,127.925,small,Q2
frame_000499.jpg,FN,0.603473,0.359135,0.00970476,0.0180722,0.0001753863,0.017539,22.709,19.518,443.236,12.422,10.676,132.624,small,Q2
frame_000569.jpg,FN,0.577874,0.424762,0.00894631,0.01963378,0.0001756499,0.017565,20.934,21.204,443.903,11.451,11.599,132.824,small,Q2
frame_000561.jpg,FN,0.580321,0.422047,0.00892007,0.01974024,0.0001760844,0.017608,20.873,21.319,445.0,11.418,11.662,133.152,small,Q2
frame_000237.jpg,TP,0.603451,0.213883,0.00886885,0.01992009,0.0001766682,0.017667,20.753,21.514,446.476,11.352,11.768,133.594,small,Q2
frame_000511.jpg,FN,0.599564,0.3513,0.00867334,0.02044431,0.0001773205,0.017732,20.296,22.08,448.124,11.102,12.078,134.087,small,Q2
frame_000469.jpg,FN,0.607738,0.383902,0.00963213,0.01870782,0.0001801961,0.01802,22.539,20.204,455.392,12.329,11.052,136.262,small,Q2
frame_000465.jpg,FN,0.607401,0.383368,0.00965822,0.01871281,0.0001807325,0.018073,22.6,20.21,456.747,12.363,11.055,136.667,small,Q2
frame_000457.jpg,FN,0.606987,0.380477,0.00896637,0.02031828,0.0001821812,0.018218,20.981,21.944,460.408,11.477,12.003,137.763,small,Q2
frame_000515.jpg,FN,0.597721,0.349443,0.00983161,0.01855321,0.000182408,0.018241,23.006,20.037,460.982,12.584,10.961,137.934,small,Q2
frame_000611.jpg,FN,0.56832,0.496466,0.0089981,0.02047069,0.0001841974,0.01842,21.056,22.108,465.504,11.518,12.093,139.287,small,Q2
frame_000486.jpg,FN,0.606924,0.382552,0.00893091,0.02063529,0.000184292,0.018429,20.898,22.286,465.743,11.432,12.191,139.359,small,Q2
frame_000582.jpg,FN,0.575397,0.47054,0.0085891,0.02148979,0.000184578,0.018458,20.098,23.209,466.465,10.994,12.696,139.575,small,Q2
frame_000453.jpg,FN,0.607291,0.378683,0.00931376,0.01988523,0.0001852063,0.018521,21.794,21.476,468.053,11.922,11.748,140.05,small,Q2
frame_000233.jpg,FN,0.600262,0.183861,0.00893091,0.02101323,0.0001876673,0.018767,20.898,22.694,474.273,11.432,12.414,141.911,small,Q2
frame_000577.jpg,FN,0.576649,0.442901,0.00977419,0.019569,0.0001912712,0.019127,22.872,21.135,483.381,12.511,11.561,144.636,small,Q2
frame_000228.jpg,FN,0.59598,0.151387,0.00907046,0.02109569,0.0001913475,0.019135,21.225,22.783,483.573,11.61,12.463,144.694,small,Q2
frame_000494.jpg,FN,0.604579,0.366134,0.00924489,0.02086205,0.0001928674,0.019287,21.633,22.531,487.414,11.833,12.325,145.843,small,Q2
frame_000224.jpg,TP,0.592556,0.130657,0.00907046,0.02131558,0.000193342,0.019334,21.225,23.021,488.614,11.61,12.593,146.202,small,Q2
frame_000220.jpg,FN,0.588741,0.112859,0.0093635,0.02078647,0.0001946341,0.019463,21.911,22.449,491.879,11.985,12.28,147.179,small,Q2
frame_000050.jpg,FN,0.481943,0.320716,0.01078306,0.0180722,0.0001948736,0.019487,25.232,19.518,492.485,13.802,10.676,147.36,small,Q2
frame_000598.jpg,FN,0.571037,0.475092,0.0103034,0.01891342,0.0001948726,0.019487,24.11,20.426,492.482,13.188,11.173,147.36,small,Q2
frame_000532.jpg,FN,0.590402,0.365269,0.00944479,0.02069108,0.0001954228,0.019542,22.101,22.346,493.872,12.089,12.224,147.776,small,Q2
frame_000573.jpg,FN,0.577424,0.433102,0.00940711,0.02082516,0.0001959046,0.01959,22.013,22.491,495.09,12.041,12.303,148.14,small,Q2
frame_000091.jpg,FN,0.467957,0.009188,0.01112875,0.01787636,0.0001989416,0.019894,26.041,19.306,502.765,14.245,10.561,150.437,small,Q2
frame_000548.jpg,FN,0.582722,0.455177,0.00929262,0.02150962,0.0001998807,0.019988,21.745,23.23,505.139,11.895,12.707,151.147,small,Q2
frame_000553.jpg,FN,0.582436,0.436675,0.01049421,0.01912012,0.0002006505,0.020065,24.556,20.65,507.084,13.433,11.296,151.729,small,Q3
frame_000216.jpg,TP,0.584965,0.099017,0.00943906,0.02130342,0.0002010842,0.020108,22.087,23.008,508.18,12.082,12.585,152.057,small,Q3
frame_000586.jpg,FN,0.573802,0.496407,0.00970761,0.02103316,0.0002041818,0.020418,22.716,22.716,516.008,12.426,12.426,154.399,small,Q3
frame_000507.jpg,FN,0.600717,0.351936,0.00965862,0.02117689,0.0002045397,0.020454,22.601,22.871,516.913,12.363,12.511,154.67,small,Q3
frame_000461.jpg,FN,0.607836,0.380808,0.00942254,0.0221978,0.0002091596,0.020916,22.049,23.974,528.588,12.061,13.114,158.163,small,Q3
frame_000212.jpg,TP,0.581149,0.0903,0.00987284,0.02131558,0.0002104454,0.021045,23.102,23.021,531.837,12.637,12.593,159.136,small,Q3
frame_000116.jpg,FN,0.467066,0.008912,0.01184548,0.01782305,0.0002111225,0.021112,27.718,19.249,533.549,15.162,10.529,159.648,small,Q3
frame_000204.jpg,TP,0.573064,0.086922,0.00974725,0.02203365,0.0002147676,0.021477,22.809,23.796,542.761,12.476,13.017,162.404,small,Q3
frame_000208.jpg,TP,0.576977,0.085956,0.01018682,0.02108881,0.000214828,0.021483,23.837,22.776,542.913,13.039,12.459,162.45,small,Q3
frame_000594.jpg,FN,0.571972,0.47938,0.0100949,0.02187229,0.0002207986,0.02208,23.622,23.622,558.002,12.921,12.921,166.964,small,Q3
frame_000565.jpg,FN,0.579741,0.42202,0.01034886,0.02173472,0.0002249296,0.022493,24.216,23.474,568.442,13.247,12.84,170.088,small,Q3
frame_000195.jpg,TP,0.56309,0.107925,0.01032637,0.02184469,0.0002255762,0.022558,24.164,23.592,570.076,13.218,12.905,170.577,small,Q3
frame_000199.jpg,TP,0.567445,0.094879,0.01026186,0.02203282,0.0002260978,0.02261,24.013,23.795,571.394,13.135,13.016,170.972,small,Q3
frame_000602.jpg,FN,0.569465,0.476541,0.01090884,0.02113908,0.0002306029,0.02306,25.527,22.83,582.78,13.963,12.488,174.378,small,Q3
frame_000179.jpg,TP,0.54275,0.22267,0.01005302,0.02307551,0.0002319787,0.023198,23.524,24.922,586.256,12.868,13.632,175.419,small,Q3
frame_000607.jpg,FN,0.569144,0.484054,0.01083863,0.02148979,0.0002329198,0.023292,25.362,23.209,588.635,13.873,12.696,176.13,small,Q3
frame_000191.jpg,TP,0.558321,0.126969,0.01021543,0.02286511,0.0002335769,0.023358,23.904,24.694,590.296,13.076,13.508,176.627,small,Q3
frame_000187.jpg,TP,0.553291,0.152673,0.01028183,0.02398157,0.0002465744,0.024657,24.059,25.9,623.143,13.161,14.168,186.456,small,Q3
frame_000158.jpg,TP,0.511599,0.485341,0.01102287,0.02245705,0.0002475412,0.024754,25.794,24.254,625.586,14.109,13.267,187.187,small,Q3
frame_000162.jpg,FN,0.519342,0.485297,0.01192329,0.02095407,0.0002498414,0.024984,27.9,22.63,631.399,15.262,12.379,188.926,small,Q3
frame_000590.jpg,FN,0.572695,0.486763,0.01098567,0.0228868,0.0002514267,0.025143,25.706,24.718,635.406,14.062,13.521,190.125,small,Q3
frame_000183.jpg,TP,0.548135,0.184456,0.01050657,0.02605104,0.0002737071,0.027371,24.585,28.135,691.713,13.448,15.39,206.973,small,Q3
frame_000174.jpg,TP,0.535845,0.284567,0.01066809,0.02588791,0.0002761747,0.027617,24.963,27.959,697.949,13.655,15.294,208.839,small,Q3
frame_000619.jpg,FN,0.566177,0.53433,0.01166171,0.02380227,0.0002775751,0.027758,27.288,25.706,701.488,14.927,14.062,209.898,small,Q3
frame_000066.jpg,FN,0.469849,0.199367,0.01067344,0.02621904,0.0002798473,0.027985,24.976,28.317,707.23,13.662,15.489,211.616,small,Q3
frame_000154.jpg,FN,0.500782,0.413906,0.01053747,0.02695553,0.0002840431,0.028404,24.658,29.112,717.834,13.488,15.924,214.789,small,Q3
frame_000058.jpg,FN,0.47062,0.297455,0.01062449,0.02700523,0.0002869167,0.028692,24.861,29.166,725.096,13.599,15.954,216.962,small,Q4_largest
frame_000075.jpg,TP,0.468535,0.108906,0.01047081,0.02766679,0.0002896938,0.028969,24.502,29.88,732.114,13.403,16.345,219.062,small,Q4_largest
frame_000087.jpg,FN,0.468146,0.022636,0.0111441,0.02615769,0.000291504,0.02915,26.077,28.25,736.689,14.264,15.453,220.431,small,Q4_largest
frame_000079.jpg,FN,0.468153,0.07516,0.01095837,0.02716375,0.0002976704,0.029767,25.643,29.337,752.273,14.027,16.048,225.094,small,Q4_largest
frame_000083.jpg,FN,0.468239,0.046384,0.01097525,0.02743813,0.0003011405,0.030114,25.682,29.633,761.042,14.048,16.21,227.718,small,Q4_largest
frame_000071.jpg,TP,0.469084,0.146954,0.01108374,0.02766679,0.0003066514,0.030665,25.936,29.88,774.97,14.187,16.345,231.885,small,Q4_largest
frame_000054.jpg,FN,0.471856,0.35405,0.01143362,0.02691536,0.0003077399,0.030774,26.755,29.069,777.72,14.635,15.901,232.708,small,Q4_largest
frame_000037.jpg,TP,0.521521,0.240542,0.01260854,0.02640789,0.0003329649,0.033296,29.504,28.521,841.469,16.139,15.601,251.783,small,Q4_largest
frame_000046.jpg,TP,0.493574,0.294617,0.01225851,0.02736497,0.0003354538,0.033545,28.685,29.554,847.759,15.691,16.166,253.665,small,Q4_largest
frame_000145.jpg,FN,0.468618,0.262909,0.01176322,0.02887335,0.0003396434,0.033964,27.526,31.183,858.347,15.057,17.057,256.833,small,Q4_largest
frame_000129.jpg,FN,0.467757,0.085457,0.01196513,0.029165,0.0003489629,0.034896,27.998,31.498,881.899,15.315,17.23,263.88,small,Q4_largest
frame_000125.jpg,FN,0.467914,0.053483,0.01174512,0.02976094,0.0003495457,0.034955,27.484,32.142,883.372,15.034,17.582,264.321,small,Q4_largest
frame_000141.jpg,TP,0.468304,0.21021,0.01267843,0.02778567,0.0003522786,0.035228,29.668,30.009,890.279,16.228,16.415,266.388,small,Q4_largest
frame_000120.jpg,TP,0.467412,0.022389,0.01237303,0.02857581,0.0003535693,0.035357,28.953,30.862,893.54,15.837,16.882,267.364,small,Q4_largest
frame_000133.jpg,TP,0.467913,0.122229,0.01169319,0.03152176,0.0003685901,0.036859,27.362,34.044,931.501,14.967,18.622,278.722,small,Q4_largest
frame_000029.jpg,TP,0.549729,0.21397,0.01373299,0.02760387,0.0003790838,0.037908,32.135,29.812,958.021,17.578,16.308,286.657,small,Q4_largest
frame_000042.jpg,TP,0.505783,0.267093,0.01278093,0.02975419,0.0003802862,0.038029,29.907,32.135,961.059,16.36,17.578,287.567,small,Q4_largest
frame_000137.jpg,TP,0.468059,0.164088,0.01202356,0.03177254,0.000382019,0.038202,28.135,34.314,965.438,15.39,18.77,288.877,small,Q4_largest
frame_000033.jpg,TP,0.534899,0.225375,0.0139887,0.02998295,0.0004194226,0.041942,32.734,32.382,1059.965,17.906,17.713,317.161,small,Q4_largest
frame_000025.jpg,TP,0.56486,0.207786,0.01417143,0.0301799,0.0004276925,0.042769,33.161,32.594,1080.864,18.139,17.829,323.414,small,Q4_largest
frame_000021.jpg,TP,0.580305,0.207128,0.01477705,0.03070477,0.0004537259,0.045373,34.578,33.161,1146.656,18.915,18.139,343.101,small,Q4_largest
frame_000000.jpg,FN,0.67475,0.320868,0.01641464,0.02794397,0.0004586901,0.045869,38.41,30.179,1159.202,21.011,16.508,346.854,small,Q4_largest
frame_000017.jpg,TP,0.597052,0.214147,0.01418694,0.03248486,0.0004608607,0.046086,33.197,35.084,1164.687,18.159,19.191,348.496,small,Q4_largest
frame_000008.jpg,FN,0.638873,0.259653,0.01526154,0.03175451,0.0004846228,0.048462,35.712,34.295,1224.739,19.535,18.76,366.464,small,Q4_largest
frame_000004.jpg,FN,0.659752,0.295852,0.01539398,0.03471499,0.0005344017,0.05344,36.022,37.492,1350.54,19.704,20.509,404.106,small,Q4_largest
frame_000012.jpg,TP,0.619122,0.233511,0.01578297,0.03419643,0.0005397211,0.053972,36.932,36.932,1363.983,20.202,20.202,408.129,small,Q4_largest
